title,firms,deal_value,summary,body,deal_date
Cinven completes majority buyout of Grant Thornton UK,"Grant Thornton UK, Cinven",~£1.5 billion,"Cinven completed the largest PE investment in a UK accountancy firm. GT has 5,500+ employees, 240+ partners, and £724m net revenue. Partners received average payouts of £682k and staff shared a £39m bonus pool.","Cinven completed the largest PE investment in a UK accountancy firm. GT has 5,500+ employees, 240+ partners, and £724m net revenue. Partners received average payouts of £682k and staff shared a £39m bonus pool.",2025-04-16
"Apax acquires Evelyn Partners professional services arm, creating S&W","Evelyn Partners, Apax Partners, S&W",£700 million,"Evelyn Partners sold its accountancy/professional services business to Apax. The entity relaunched as S&W (building on Smith & Williamson heritage) with ~1,800 employees and 120+ partners across 15 UK offices.","Evelyn Partners sold its accountancy/professional services business to Apax. The entity relaunched as S&W (building on Smith & Williamson heritage) with ~1,800 employees and 120+ partners across 15 UK offices.",2025-03-31
MHA lists on AIM in landmark accountancy IPO,MHA (Baker Tilly UK),£271m market cap; £98m raised,"MHA became the first major UK accounting firm to IPO, listing on London's AIM market. Proceeds earmarked for acquisitions, AI/tech investment, and partner exits. FY2025 revenue reached £224.2m (up 45%).","MHA became the first major UK accounting firm to IPO, listing on London's AIM market. Proceeds earmarked for acquisitions, AI/tech investment, and partner exits. FY2025 revenue reached £224.2m (up 45%).",2025-04-15
Lee Equity Partners takes majority stake in Cooper Parry,"Cooper Parry, Lee Equity Partners, Waterland Private Equity (exiting)",Undisclosed,"US-based Lee Equity replaced Waterland as Cooper Parry's capital partner, described as ""one of the largest deals of its kind in the global accountancy market."" CP had £180m turnover and 1,450 staff.","US-based Lee Equity replaced Waterland as Cooper Parry's capital partner, described as ""one of the largest deals of its kind in the global accountancy market."" CP had £180m turnover and 1,450 staff.",2025-04-16
IK Partners acquires majority stake in Dains,"Dains, IK Partners, Horizon Capital (exiting)",Undisclosed (Horizon achieved 8x MOIC / 107% IRR),"IK Partners acquired control of Dains from Horizon Capital. Dains had 765 employees, £80m+ revenue, and 17,000+ SME clients.","IK Partners acquired control of Dains from Horizon Capital. Dains had 765 employees, £80m+ revenue, and 17,000+ SME clients.",2025-01-24
Goldman Sachs Alternatives acquires AAB,"AAB, Goldman Sachs Alternatives, August Equity (exiting)",~£250m (reported),"Goldman Sachs acquired AAB from August Equity, which had tripled the firm's size since 2021. AAB had crossed £100m revenue with 1,000+ employees.","Goldman Sachs acquired AAB from August Equity, which had tripled the firm's size since 2021. AAB had crossed £100m revenue with 1,000+ employees.",2025-07-01
Abry Partners makes first UK accountancy PE investment in Burgess Hodgson,"Burgess Hodgson, Abry Partners",Undisclosed,"US-based Abry Partners made a primary PE investment in Canterbury-based Burgess Hodgson (200+ staff, 5,000+ SME clients), the first such US-to-UK primary PE deal in accountancy.","US-based Abry Partners made a primary PE investment in Canterbury-based Burgess Hodgson (200+ staff, 5,000+ SME clients), the first such US-to-UK primary PE deal in accountancy.",2025-06-09
Bishop Fleming secures minority PE investment from Synova,"Bishop Fleming, Synova",Undisclosed,"South West/Midlands firm Bishop Fleming (£48m+ fee income, 9 offices) secured minority investment from Synova to fund M&A growth toward £200m+ revenue. This was Synova's first accountancy investment.","South West/Midlands firm Bishop Fleming (£48m+ fee income, 9 offices) secured minority investment from Synova to fund M&A growth toward £200m+ revenue. This was Synova's first accountancy investment.",2025-06-18
RSM UK and RSM US form transatlantic partnership,"RSM UK, RSM US",~$5bn combined revenue,"Partners voted overwhelmingly to form a transatlantic partnership effective January 1, 2026, uniting 23,000 professionals under shared governance.","Partners voted overwhelmingly to form a transatlantic partnership effective January 1, 2026, uniting 23,000 professionals under shared governance.",2025-10-23
BDO UK and BDO Ireland announce merger,"BDO UK, BDO Ireland",~£1.1bn combined revenue,"BDO UK and BDO Ireland announced advanced merger talks in November 2025, creating a combined firm with 8,500 employees and ~550 partners. Completion expected spring 2026.","BDO UK and BDO Ireland announced advanced merger talks in November 2025, creating a combined firm with 8,500 employees and ~550 partners. Completion expected spring 2026.",2025-11-05
AAB and Kreston Reeves announce combination,"AAB, Kreston Reeves",>£200m combined revenue,"Kreston Reeves (550+ employees) agreed to combine with AAB, creating a 1,800-strong group. Subject to regulatory approval, expected to close spring 2026.","Kreston Reeves (550+ employees) agreed to combine with AAB, creating a 1,800-strong group. Subject to regulatory approval, expected to close spring 2026.",2025-12-15
Howden acquires Evelyn Partners employee benefits arm,"Howden, Evelyn Partners Financial Services",Undisclosed,"Howden agreed to acquire EPFS, the employee benefits consultancy with 38 professionals across London, Bristol, Glasgow and Guildford. Completion expected Q1 2026.","Howden agreed to acquire EPFS, the employee benefits consultancy with 38 professionals across London, Bristol, Glasgow and Guildford. Completion expected Q1 2026.",2025-11-11
Evelyn Partners sells Fund Solutions to Thesis Holdings,"Evelyn Partners, Thesis Holdings",Undisclosed (£10.6bn AUG),"Evelyn Partners sold its fund solutions business (161 funds, £10.6bn assets under governance, 75 Glasgow staff) to Thesis Holdings.","Evelyn Partners sold its fund solutions business (161 funds, £10.6bn assets under governance, 75 Glasgow staff) to Thesis Holdings.",2025-07-01
Xeinadin prepares £800m+ PE sale (later collapsed),"Xeinadin, Exponent PE, Evercore",~£800m–£1bn target,Exponent appointed Evercore to run an auction for Xeinadin at £800m+. The process collapsed in early 2026 as bids fell short.,Exponent appointed Evercore to run an auction for Xeinadin at £800m+. The process collapsed in early 2026 as bids fell short.,2025-05-27
Sumer Group explores £1bn sale,"Sumer, Penta Capital, BlackRock",~£1bn target valuation,"Sumer engaged Continuum to oversee a strategic review potentially culminating in a sale at ~£1bn. Sumer had 2,400+ people and 65 offices.","Sumer engaged Continuum to oversee a strategic review potentially culminating in a sale at ~£1bn. Sumer had 2,400+ people and 65 offices.",2025-09-02
Xeinadin acquires Landmark Accountants,"Xeinadin, Landmark Accountants",Undisclosed,"Watford-based firm (28 staff) specialising in real estate, construction, creative industries and charities joins Xeinadin.","Watford-based firm (28 staff) specialising in real estate, construction, creative industries and charities joins Xeinadin.",2025-01-27
Xeinadin acquires CB Reid,"Xeinadin, CB Reid",Undisclosed,Dorchester-based firm (20 employees) focused on start-up businesses and cloud accounting.,Dorchester-based firm (20 employees) focused on start-up businesses and cloud accounting.,2025-02-12
Xeinadin acquires Gibson Booth,"Xeinadin, Gibson Booth Limited",Undisclosed,"Barnsley-based firm (est. 2014) rebranded as Xeinadin Barnsley; strengthens agricultural, charity and education sector offerings.","Barnsley-based firm (est. 2014) rebranded as Xeinadin Barnsley; strengthens agricultural, charity and education sector offerings.",2025-03-04
Xeinadin acquires King Hope,"Xeinadin, King Hope",Undisclosed,"Offices in Darlington, Northallerton and Hartlepool; brings Xeinadin's northern offices to 16. Focus on owner-managed businesses.","Offices in Darlington, Northallerton and Hartlepool; brings Xeinadin's northern offices to 16. Focus on owner-managed businesses.",2025-03-04
Xeinadin acquires Warren & Partners (Ireland),"Xeinadin, Warren & Partners",Undisclosed,Dublin-based tax advisory firm (est. 1994); first exclusively tax-focused firm to join Xeinadin in Ireland. Part of €40m Irish expansion plan.,Dublin-based tax advisory firm (est. 1994); first exclusively tax-focused firm to join Xeinadin in Ireland. Part of €40m Irish expansion plan.,2025-03-10
Xeinadin acquires Raffingers,"Xeinadin, Raffingers",Undisclosed,"London-based Top 100 firm; 70 professionals. Expertise in recruitment, charity, property, construction, COP8/COP9 HMRC enquiries. Then-largest Xeinadin deal.","London-based Top 100 firm; 70 professionals. Expertise in recruitment, charity, property, construction, COP8/COP9 HMRC enquiries. Then-largest Xeinadin deal.",2025-03-19
Xeinadin acquires Curtis Bowden & Thomas,"Xeinadin, Curtis Bowden & Thomas",Undisclosed,"South Wales firm (Tonypandy and Bridgend, est. 2003); 22-strong team providing accounting and taxation to local businesses. Xeinadin's first Welsh acquisition.","South Wales firm (Tonypandy and Bridgend, est. 2003); 22-strong team providing accounting and taxation to local businesses. Xeinadin's first Welsh acquisition.",2025-03-25
Xeinadin acquires JCS Accountants,"Xeinadin, JCS Accountants",Undisclosed,"Sutton, Surrey (est. 1927); 26 staff, ~£2m revenue. Specialist in charity audits and family-owned businesses.","Sutton, Surrey (est. 1927); 26 staff, ~£2m revenue. Specialist in charity audits and family-owned businesses.",2025-04-08
Xeinadin acquires Mudd Partners LLP,"Xeinadin, Mudd Partners LLP",Undisclosed,"Billericay, Essex; 5 partners, ~25 staff. Audit and owner-managed business specialist. Fully rebranded Xeinadin from day one.","Billericay, Essex; 5 partners, ~25 staff. Audit and owner-managed business specialist. Fully rebranded Xeinadin from day one.",2025-04-08
Xeinadin acquires KBG Accountants (Ireland),"Xeinadin, KBG Accountants",Undisclosed,"Largest Irish acquisition to date; 80+ professionals across 6 offices in Cavan, Longford and Leitrim. 30+ year heritage.","Largest Irish acquisition to date; 80+ professionals across 6 offices in Cavan, Longford and Leitrim. 30+ year heritage.",2025-05-20
Xeinadin acquires KBSP,"Xeinadin, KBSP",Undisclosed,"Long-established Swiss Cottage, North London practice (est. 1960s); audit, tax, accounts and consultancy to SMEs and national clients.","Long-established Swiss Cottage, North London practice (est. 1960s); audit, tax, accounts and consultancy to SMEs and national clients.",2025-06-10
Xeinadin acquires Silver Levene,"Xeinadin, Silver Levene",~£17m,"Largest acquisition to date; 19 partners, ~150 staff, two London locations. Specialises in legal, film, TV, music, publishing, pharmacy and private healthcare. 60+ year heritage.","Largest acquisition to date; 19 partners, ~150 staff, two London locations. Specialises in legal, film, TV, music, publishing, pharmacy and private healthcare. 60+ year heritage.",2025-06-19
Xeinadin acquires AGS Accountants,"Xeinadin, AGS Accountants & Business Advisors",Undisclosed,Dudley-based (est. 1989); 20+ professionals. SME-focused with healthcare sector expertise. Eighth acquisition of 2025.,Dudley-based (est. 1989); 20+ professionals. SME-focused with healthcare sector expertise. Eighth acquisition of 2025.,2025-07-15
Xeinadin acquires Bennett Whitehouse,"Xeinadin, Bennett Whitehouse",Undisclosed,Brierley Hill-based (est. 2018); 40-strong team specialising in franchise payroll and service charge accounting with proprietary software.,Brierley Hill-based (est. 2018); 40-strong team specialising in franchise payroll and service charge accounting with proprietary software.,2025-09-08
Xeinadin acquires Cooper Dawn Jerrom,"Xeinadin, Cooper Dawn Jerrom (CDJ)",Undisclosed,"West London practice advising SMEs in food, logistics and property. Known for ties to Western International Market and Felix Project charity.","West London practice advising SMEs in food, logistics and property. Known for ties to Western International Market and Felix Project charity.",2025-10-27
Cooper Parry acquires Cloud Orca,"Cooper Parry, Cloud Orca",Undisclosed,"Salesforce Summit Partner (55 staff, London + Philippines); clients include Revolut, Starling Bank, Monzo.","Salesforce Summit Partner (55 staff, London + Philippines); clients include Revolut, Starling Bank, Monzo.",2025-03-18
Cooper Parry acquires Liberty Corporate Finance,"Cooper Parry, Liberty Corporate Finance",Undisclosed,"Boutique advisory firm (est. 2006) specialising in management equity incentive advice during PE transactions. Offices in London, Madrid, Munich, Stockholm, Sydney.","Boutique advisory firm (est. 2006) specialising in management equity incentive advice during PE transactions. Offices in London, Madrid, Munich, Stockholm, Sydney.",2025-07-01
Cooper Parry acquires CavanaghKelly,"Cooper Parry, CavanaghKelly",Undisclosed,"Dungannon-based NI firm; 7 partners, 100+ staff. CP's first Northern Ireland entry and 15th deal in two years.","Dungannon-based NI firm; 7 partners, 100+ staff. CP's first Northern Ireland entry and 15th deal in two years.",2025-07-31
Cooper Parry acquires Fellwood Advisory,"Cooper Parry, Fellwood Advisory",Undisclosed,Mid-market debt advisory firm (est. 2023) specialising in £2m–£50m debt facilities. Pushes CP past £235m turnover.,Mid-market debt advisory firm (est. 2023) specialising in £2m–£50m debt facilities. Pushes CP past £235m turnover.,2025-08-04
Cooper Parry acquires URM Consulting,"Cooper Parry, URM Consulting Services",Undisclosed,"Reading-based cybersecurity specialist (70 staff, est. 20 years). Pushes CP past £240m.","Reading-based cybersecurity specialist (70 staff, est. 20 years). Pushes CP past £240m.",2025-10-01
Cooper Parry acquires Hutcheon Mearns,"Cooper Parry, Hutcheon Mearns",Undisclosed,Aberdeen-based professional services firm; expands CP into Scotland. Pushes pro forma turnover past £250m.,Aberdeen-based professional services firm; expands CP into Scotland. Pushes pro forma turnover past £250m.,2025-10-13
Cooper Parry acquires Gem & Co,"Cooper Parry, Gem & Co Limited",Undisclosed,South West London chartered financial planning firm (est. 2001). Eighth deal since Lee Equity partnership.,South West London chartered financial planning firm (est. 2001). Eighth deal since Lee Equity partnership.,2025-12-01
Cooper Parry acquires embracent,"Cooper Parry, embracent",Undisclosed,London-based digital transformation and IT consultancy (est. 2015). Seventh deal since Lee Equity.,London-based digital transformation and IT consultancy (est. 2015). Seventh deal since Lee Equity.,2025-12-01
Sumer acquires BHP,"Sumer, BHP",Undisclosed (£37m fee income),"150-year-old Yorkshire firm; 420+ staff across Sheffield, Leeds, York, Cleckheaton, Chesterfield. Largest independent practice to join Sumer in 2025.","150-year-old Yorkshire firm; 420+ staff across Sheffield, Leeds, York, Cleckheaton, Chesterfield. Largest independent practice to join Sumer in 2025.",2025-12-09
Sumer acquires Moore Thompson,"Sumer, Moore Thompson",Undisclosed,"100-strong Lincolnshire firm (Spalding, Wisbech, Market Deeping, Peterborough, Stamford). Specialist in agricultural and rural businesses.","100-strong Lincolnshire firm (Spalding, Wisbech, Market Deeping, Peterborough, Stamford). Specialist in agricultural and rural businesses.",2025-12-04
DPC (Sumer hub) acquires Jacksons,"Sumer (DPC Accountants), Jacksons",Undisclosed,Nottinghamshire firm; 15 professionals from Nottingham and Newark offices.,Nottinghamshire firm; 15 professionals from Nottingham and Newark offices.,2025-06-01
Sumer acquires MMC,"Sumer, MMC",Undisclosed,London-based accountancy firm acquired as hub-led deal.,London-based accountancy firm acquired as hub-led deal.,2025-06-01
Sumer acquires Ramsay Brown,"Sumer, Ramsay Brown",Undisclosed,London-based accountancy firm; strengthens capital presence.,London-based accountancy firm; strengthens capital presence.,2025-06-01
Sumer acquires Price Pearson,"Sumer, Price Pearson",Undisclosed,Midlands-based firm; expands Midlands hub.,Midlands-based firm; expands Midlands hub.,2025-06-01
Scrutton Bland (Sumer hub) acquires Argents,"Sumer (Scrutton Bland), Argents",Undisclosed,Norwich-based firm; strengthens East Anglia presence.,Norwich-based firm; strengthens East Anglia presence.,2025-06-01
Carpenter Box (Sumer hub) merges with Hartley Fowler Brighton,"Sumer (Carpenter Box), Hartley Fowler (Brighton)",Undisclosed,"16 professionals including two new partners (Guy Rolliston, Daniel Chapman) from Hartley Fowler's Brighton office.","16 professionals including two new partners (Guy Rolliston, Daniel Chapman) from Hartley Fowler's Brighton office.",2025-10-01
BK Plus acquires four Scottish firms,"BK Plus, Walton Kilgour, Ian MacFarlane & Co, JC Wallace & Co, Bird Simpson & Co",Undisclosed,"Perth/Pitlochry, Falkirk, Glasgow, and Dundee practices. Walton Kilgour has 90+ years' heritage. Takes Scottish presence to 5 locations.","Perth/Pitlochry, Falkirk, Glasgow, and Dundee practices. Walton Kilgour has 90+ years' heritage. Takes Scottish presence to 5 locations.",2025-04-01
BK Plus acquires Walker Moyle and Pooleys,"BK Plus, Walker Moyle, Pooleys",Undisclosed,"Two Cornwall practices creating 6-office South West hub. Walker Moyle (Penzance, Redruth, St Ives) est. 1925.","Two Cornwall practices creating 6-office South West hub. Walker Moyle (Penzance, Redruth, St Ives) est. 1925.",2025-06-01
BK Plus acquires Andorran Chartered Accountants,"BK Plus, Andorran Chartered Accountants",Undisclosed,Cheltenham-based (est. 1998); 15 staff. Extends South West footprint into Gloucestershire.,Cheltenham-based (est. 1998); 15 staff. Extends South West footprint into Gloucestershire.,2025-06-01
BK Plus acquires Read Milburn,"BK Plus, Read Milburn",Undisclosed,"North Shields-based; accounting, taxation, payroll and company secretarial. Complements Jesmond, Newcastle office.","North Shields-based; accounting, taxation, payroll and company secretarial. Complements Jesmond, Newcastle office.",2025-07-28
BK Plus acquires Geens and Wells Richardson,"BK Plus, Geens Chartered Accountants, Wells Richardson",Undisclosed,250 years of combined heritage. Stoke-on-Trent-based Geens (est. 1884) adds probate/estate services.,250 years of combined heritage. Stoke-on-Trent-based Geens (est. 1884) adds probate/estate services.,2025-10-30
BK Plus acquires MDP,"BK Plus, MDP",Undisclosed,Birmingham city centre (45+ years' history); first BK Plus presence in Birmingham. Headcount reaches 700+.,Birmingham city centre (45+ years' history); first BK Plus presence in Birmingham. Headcount reaches 700+.,2025-12-01
BK Plus acquires Alliance Accountants,"BK Plus, Alliance Accountants",Undisclosed,Cheltenham and Ross-on-Wye offices. Headcount reaches 770+ across 38 offices.,Cheltenham and Ross-on-Wye offices. Headcount reaches 770+ across 38 offices.,2025-12-15
TC Group merges with Farnell Clarke,"TC Group, Farnell Clarke",Undisclosed,"Award-winning digital-first Norwich practice; forms ""TC Farnell Clarke.""","Award-winning digital-first Norwich practice; forms ""TC Farnell Clarke.""",2025-03-14
TC Group merges with Leonherman,"TC Group, Leonherman",Undisclosed,Manchester-based; adds outsourced finance capabilities in North West.,Manchester-based; adds outsourced finance capabilities in North West.,2025-04-30
TC Group merges with Elysium,"TC Group, Elysium",Undisclosed,Dorset-based practice; clients move to TC Group's Bournemouth office.,Dorset-based practice; clients move to TC Group's Bournemouth office.,2025-08-01
TC Group acquires Laverick Walton,"TC Group, Laverick Walton",Undisclosed,"Gateshead, Tyne and Wear; expands North East presence.","Gateshead, Tyne and Wear; expands North East presence.",2025-08-15
TC Group merges with Wyatt Morris Golland,"TC Group, Wyatt Morris Golland",Undisclosed,Rochdale-based; further Greater Manchester expansion.,Rochdale-based; further Greater Manchester expansion.,2025-08-30
TC Group merges with Alexander Sloan,"TC Group, Alexander Sloan",Undisclosed,"Glasgow and Edinburgh; 150+ year heritage. First entry into Scotland; strong audit and assurance capability. Forms ""TC Alexander Sloan.""","Glasgow and Edinburgh; 150+ year heritage. First entry into Scotland; strong audit and assurance capability. Forms ""TC Alexander Sloan.""",2025-11-07
TC Group merges with Bache Brown & Co,"TC Group, Bache Brown & Co",Undisclosed,West Midlands-based; strengthens Midlands coverage.,West Midlands-based; strengthens Midlands coverage.,2025-11-07
TC Group acquires Clarkes Chartered Accountants,"TC Group (TC Harlands), Clarkes Chartered Accountants",Undisclosed,"North East practice; first ""tuck-in"" for TC Harlands arm.","North East practice; first ""tuck-in"" for TC Harlands arm.",2025-12-06
TC Group merges with BSN Associates,"TC Group, BSN Associates",Undisclosed,"Oldbury, West Midlands; one of the few all-female owned UK accountancy firms. Forms ""TC BSN.""","Oldbury, West Midlands; one of the few all-female owned UK accountancy firms. Forms ""TC BSN.""",2025-12-06
Dains acquires Consilium Chartered Accountants,"Dains, Consilium Chartered Accountants",Undisclosed,Glasgow-based (est. 2013); first deal under IK Partners. Scottish team reaches ~200 people.,Glasgow-based (est. 2013); first deal under IK Partners. Scottish team reaches ~200 people.,2025-02-06
Dains acquires Barnes Roffe,"Dains, Barnes Roffe",Undisclosed,"Top 50 firm (est. 1899); 29+ partners, 200+ employees, 5 London/SE offices. Largest Dains deal. Group exceeds 1,000 people.","Top 50 firm (est. 1899); 29+ partners, 200+ employees, 5 London/SE offices. Largest Dains deal. Group exceeds 1,000 people.",2025-06-04
Dains acquires TBAT Innovation,"Dains, TBAT Innovation",Undisclosed,"East Midlands specialist in R&D tax incentives and grant funding (engineering, software, AI, health/life sciences).","East Midlands specialist in R&D tax incentives and grant funding (engineering, software, AI, health/life sciences).",2025-09-03
Dains acquires Curo,"Dains, Curo",Undisclosed,"Bolsters audit, tax, accounting and corporate finance capabilities.","Bolsters audit, tax, accounting and corporate finance capabilities.",2025-10-06
Dains acquires GHE,"Dains, GHE",Undisclosed,Burton-on-Trent-based specialist in European funding strategies and grant management. Fifth deal since IK Partners investment.,Burton-on-Trent-based specialist in European funding strategies and grant management. Fifth deal since IK Partners investment.,2025-11-05
Affinia acquires Platt Rushton,"Affinia, Platt Rushton",Undisclosed,"Leigh-on-Sea, Essex (est. 1989); 30+ staff, ~500 clients. 10th Affinia office.","Leigh-on-Sea, Essex (est. 1989); 30+ staff, ~500 clients. 10th Affinia office.",2025-05-29
Affinia acquires Clarkson Hyde,"Affinia, Clarkson Hyde",Undisclosed,"Sutton, Surrey (est. 1923, 100+ years). Founding member of Clarkson Hyde Global.","Sutton, Surrey (est. 1923, 100+ years). Founding member of Clarkson Hyde Global.",2025-06-24
Affinia acquires Opass Billings Wilson & Honey,"Affinia, Opass Billings Wilson & Honey",Undisclosed,"Sidcup, Kent (est. 1920). Third Kent office, 11th overall.","Sidcup, Kent (est. 1920). Third Kent office, 11th overall.",2025-07-30
Affinia acquires PK Group,"Affinia, PK Group",Undisclosed,"Richmond and Woking, Surrey; accountancy, tax advisory and payroll. Group passes 600 staff.","Richmond and Woking, Surrey; accountancy, tax advisory and payroll. Group passes 600 staff.",2025-12-09
S&W acquires Beechwood Partners,"S&W, Beechwood Partners",Undisclosed,Dublin-based (est. 2005); private client tax advisory. First post-launch acquisition. 35 staff join.,Dublin-based (est. 2005); private client tax advisory. First post-launch acquisition. 35 staff join.,2025-08-19
S&W acquires ClearViewIP,"S&W, ClearViewIP",Undisclosed,"London-based IP advisory firm (est. 2007); 2 partners, 10 employees. Broadens advisory services.","London-based IP advisory firm (est. 2007); 2 partners, 10 employees. Broadens advisory services.",2025-10-06
S&W acquires Peppercorn Tax,"S&W, Peppercorn Tax",Undisclosed,Newcastle-based tax advisory (est. 2017); 8 colleagues. Builds on North East expansion.,Newcastle-based tax advisory (est. 2017); 8 colleagues. Builds on North East expansion.,2025-11-06
S&W acquires Haines Watts Scotland,"S&W, Haines Watts Scotland",Undisclosed,"Edinburgh, Kirkcaldy and Stirling; 39 employees. Introduces S&W brand to Scotland.","Edinburgh, Kirkcaldy and Stirling; 39 employees. Introduces S&W brand to Scotland.",2025-11-24
DJH acquires McBrides Accountants,"DJH, McBrides Accountants",Undisclosed,Bexley-based (53-year heritage). DJH's first entry into London and the South East.,Bexley-based (53-year heritage). DJH's first entry into London and the South East.,2025-04-01
DJH acquires Nicklin,"DJH, Nicklin",Undisclosed,Halesowen-based (90-year heritage). Strengthens West Midlands presence.,Halesowen-based (90-year heritage). Strengthens West Midlands presence.,2025-06-10
DJH acquires MSD Accountants (Ireland),"DJH, MSD Accountants",Undisclosed,Dublin-based; first Irish acquisition. Rebranded DJH Ireland by December 2025.,Dublin-based; first Irish acquisition. Rebranded DJH Ireland by December 2025.,2025-07-01
DJH acquires three Haines Watts offices,"DJH, Haines Watts (Chester, Liverpool, Wirral)",Undisclosed,Significant North West expansion; DJH turnover reaches £61.5m.,Significant North West expansion; DJH turnover reaches £61.5m.,2025-09-02
Gravita acquires Haines Watts Western,"Gravita, Haines Watts Western",Undisclosed,"Bristol and Exeter offices; 95-strong team, 2,500+ clients. Gravita's 7th transaction; headcount reaches 500+.","Bristol and Exeter offices; 95-strong team, 2,500+ clients. Gravita's 7th transaction; headcount reaches 500+.",2025-03-08
Azets Wealth Management acquires Laurus Associates,"Azets, Laurus Associates",Undisclosed,Newcastle-based Chartered Financial Planners. Strengthens North East and Scotland wealth management.,Newcastle-based Chartered Financial Planners. Strengthens North East and Scotland wealth management.,2025-01-07
Azets acquires specialist medical accounting team,"Azets, RSM UK (medical division)",Undisclosed,"30 colleagues (2 partners, 1 director) across South East, North West and Yorkshire. Serves 500+ GP practices.","30 colleagues (2 partners, 1 director) across South East, North West and Yorkshire. Serves 500+ GP practices.",2025-02-01
Azets acquires Ensors,"Azets, Ensors",Undisclosed,"One of East Anglia's oldest chartered accountancy firms (130+ years); 6 offices, 300+ employees. Milestone geographic expansion.","One of East Anglia's oldest chartered accountancy firms (130+ years); 6 offices, 300+ employees. Milestone geographic expansion.",2025-09-02
Azets Wealth Management acquires Evans Falco,"Azets, Evans Falco LLP",Undisclosed,"Cornwall-based Chartered Financial Planners (Redruth and Newquay, est. 2010). Team relocates to Azets Plymouth/Truro offices.","Cornwall-based Chartered Financial Planners (Redruth and Newquay, est. 2010). Team relocates to Azets Plymouth/Truro offices.",2025-11-06
Azets acquires part of KPMG Sweden's business,"Azets, KPMG Sweden",~£40m,"300 colleagues (14 partners) join Azets Sweden; doubles Swedish presence to 30+ cities. Audit, advisory, tax for SMEs and municipalities.","300 colleagues (14 partners) join Azets Sweden; doubles Swedish presence to 30+ cities. Audit, advisory, tax for SMEs and municipalities.",2025-02-14
Blick Rothenberg acquires Greenback Alan,"Blick Rothenberg, Greenback Alan",Undisclosed,"London-based (est. 1991); 4 partners, 30 employees, 300+ clients. 85% of business from Japan market.","London-based (est. 1991); 4 partners, 30 employees, 300+ clients. 85% of business from Japan market.",2025-04-01
Blick Rothenberg acquires The VAT Consultancy,"Blick Rothenberg, The VAT Consultancy",Undisclosed,London-based specialist VAT and Customs Duty consultancy. Expands indirect tax offering.,London-based specialist VAT and Customs Duty consultancy. Expands indirect tax offering.,2025-12-03
AAB merges with Ormsby & Rhodes,"AAB, Ormsby & Rhodes",Undisclosed,"Dublin-based (est. 1911); Top 20 Irish firm, €7m+ revenue, 42 employees. Pushes AAB past £100m revenue.","Dublin-based (est. 1911); Top 20 Irish firm, €7m+ revenue, 42 employees. Pushes AAB past £100m revenue.",2025-01-22
AAB Wealth acquires Magus Wealth,"AAB Wealth, Magus Wealth",Undisclosed,London-based financial planning firm (est. 1998); 37 staff. AUA rises to £1.8bn (£650m uplift).,London-based financial planning firm (est. 1998); 37 staff. AUA rises to £1.8bn (£650m uplift).,2025-04-14
AAB acquires GS Verde Group,"AAB, GS Verde Group",Undisclosed,"Multi-discipline M&A advisory (Cardiff, Bristol, Cheltenham, Dublin); 50+ staff. First deal post-Goldman Sachs. Takes AAB to £135m turnover.","Multi-discipline M&A advisory (Cardiff, Bristol, Cheltenham, Dublin); 50+ staff. First deal post-Goldman Sachs. Takes AAB to £135m turnover.",2025-12-01
Moore Kingston Smith merges with Statham Gill Davies,"Moore Kingston Smith, Statham Gill Davies",Undisclosed,"Specialist music law firm; 24 professionals. Creates ""Moore SGD Law"" and enhances 100+ strong media team.","Specialist music law firm; 24 professionals. Creates ""Moore SGD Law"" and enhances 100+ strong media team.",2025-01-01
Moore Kingston Smith acquires Moore Northern Ireland,"Moore Kingston Smith, Moore Northern Ireland",Undisclosed,"7 partners, 100 staff across Belfast, Coleraine and Derry/Londonderry. Fourth deal since Waterland investment.","7 partners, 100 staff across Belfast, Coleraine and Derry/Londonderry. Fourth deal since Waterland investment.",2025-08-01
Moore Kingston Smith acquires CBW Recovery,"Moore Kingston Smith, CBW Recovery",Undisclosed,"London-based insolvency partnership; 2 licensed insolvency practitioners, 11 professionals. Strengthens restructuring capabilities.","London-based insolvency partnership; 2 licensed insolvency practitioners, 11 professionals. Strengthens restructuring capabilities.",2025-08-01
Wilson Partners acquires Max Accountants,"Wilson Partners, Max Accountants",Undisclosed,Rutland-based; doubles specialist team for early-stage tech and life sciences companies. Revenue reaches £32m.,Rutland-based; doubles specialist team for early-stage tech and life sciences companies. Revenue reaches £32m.,2025-02-28
Wilson Partners merges with Mark Holt & Co,"Wilson Partners, Mark Holt & Co",Undisclosed,Plymouth-based (38 years); combined 300+ professionals. Mark Holt & Co rebrands to Wilson Partners.,Plymouth-based (38 years); combined 300+ professionals. Mark Holt & Co rebrands to Wilson Partners.,2025-07-31
Wilson Partners acquires Peplows,"Wilson Partners, Peplows",Undisclosed,"Exeter and Newton Abbot (est. 1937). 10th acquisition; revenue reaches £40m, 360+ staff, 10 offices.","Exeter and Newton Abbot (est. 1937). 10th acquisition; revenue reaches £40m, 360+ staff, 10 offices.",2025-12-09
Streets merges with Fitpro Financial,"Streets, Fitpro Financial",Undisclosed,Belfast-based fitness industry accounting specialist. Creates Streets (Belfast) Limited; first NI entry.,Belfast-based fitness industry accounting specialist. Creates Streets (Belfast) Limited; first NI entry.,2025-05-31
Streets merges with Stevens & Willey,"Streets, Stevens & Willey",Undisclosed,"70-year-old Barnstaple, North Devon firm. Extends Streets into South West.","70-year-old Barnstaple, North Devon firm. Extends Streets into South West.",2025-06-30
Streets merges with MacMahon Leggate,"Streets, MacMahon Leggate",Undisclosed,Burnley-based; extends North West footprint.,Burnley-based; extends North West footprint.,2025-07-03
Streets merges with Rowlands Webster,"Streets, Rowlands Webster",Undisclosed,"Dorset-based (est. 1997). Becomes Streets Rowlands Webster, then Streets Bournemouth.","Dorset-based (est. 1997). Becomes Streets Rowlands Webster, then Streets Bournemouth.",2025-11-01
Shaw Gibbs merges with Martin and Company,"Shaw Gibbs, Martin and Company",Undisclosed,"Winchester, Thame and Liss; farming/agricultural, landed estates and private client specialist. Grows Shaw Gibbs to 400 people, 10 offices.","Winchester, Thame and Liss; farming/agricultural, landed estates and private client specialist. Grows Shaw Gibbs to 400 people, 10 offices.",2025-01-14
Shaw Gibbs acquires Reality HR,"Shaw Gibbs, Reality HR",Undisclosed,UK's largest independent HR consultancy. 11th acquisition since 2023; combined team of 645 across 18 offices.,UK's largest independent HR consultancy. 11th acquisition since 2023; combined team of 645 across 18 offices.,2025-12-08
Menzies merges with Beever and Struthers,"Menzies LLP, Beever and Struthers",£110m combined fee income,"Creates a national firm with 1,000+ professionals (London, Manchester, Birmingham, Cardiff, South East). Beever is UK's leading auditor to the social housing sector.","Creates a national firm with 1,000+ professionals (London, Manchester, Birmingham, Cardiff, South East). Beever is UK's leading auditor to the social housing sector.",2025-08-04
Armstrong Watson merges with Martin Aitken,"Armstrong Watson, Martin Aitken",Undisclosed,"Glasgow-based; 110 colleagues join, directors become partners. Armstrong Watson reaches 800+ staff. Third merger in 12 months.","Glasgow-based; 110 colleagues join, directors become partners. Armstrong Watson reaches 800+ staff. Third merger in 12 months.",2025-04-07
MHA acquires Baker Tilly South-East Europe,"MHA, Baker Tilly South-East Europe",€24m (~£20m),"First acquisition as listed company. 12 partners, 400+ professionals, 7 offices across Cyprus, Greece, SE Europe. €19.4m revenue.","First acquisition as listed company. 12 partners, 400+ professionals, 7 offices across Cyprus, Greece, SE Europe. €19.4m revenue.",2025-08-11
Kinbrook Group acquires Old Mill and Brook Financial,"Kinbrook Group, Old Mill, Brook Financial",Undisclosed (Old Mill: £28m revenue),"Old Mill has 350+ staff, 5 South West offices, 5,000+ clients. Becomes Kinbrook's SW anchor (alongside Duncan & Toplis and Beavis Morgan). Group reaches 24 offices.","Old Mill has 350+ staff, 5 South West offices, 5,000+ clients. Becomes Kinbrook's SW anchor (alongside Duncan & Toplis and Beavis Morgan). Group reaches 24 offices.",2025-11-04
Rouse Partners merges with Finerva,"Rouse Partners, Finerva",Undisclosed,Beaconsfield-based Top 100 firm (est. 1923) merges with London tech specialist Finerva. 110+ combined staff. Notably retains full independence from PE.,Beaconsfield-based Top 100 firm (est. 1923) merges with London tech specialist Finerva. 110+ combined staff. Notably retains full independence from PE.,2025-05-01
Gerald Edelman acquires Vista Partners,"Gerald Edelman, Vista Partners",Undisclosed,"Redhill, Surrey-based firm serving owner-managed businesses across Surrey, Sussex and the South East.","Redhill, Surrey-based firm serving owner-managed businesses across Surrey, Sussex and the South East.",2025-07-24
Coxeys acquires Barnes Cooper,"Coxeys, Barnes Cooper Ltd",Undisclosed,Chester/North Wales; 250 clients and 4 staff transfer to Coxeys' Saltney office. Third merger in 7 years.,Chester/North Wales; 250 clients and 4 staff transfer to Coxeys' Saltney office. Third merger in 7 years.,2025-06-01
Randall & Payne acquires Little and Company,"Randall & Payne, Little and Company",Undisclosed,"Cheltenham-based R&P (145-year heritage, 50 staff) acquires Gloucester-based firm; 14-strong team retained.","Cheltenham-based R&P (145-year heritage, 50 staff) acquires Gloucester-based firm; 14-strong team retained.",2025-07-10
Spurling Cannon acquires Cantium Accountants,"Spurling Cannon, Cantium Accountants",Undisclosed,"Tonbridge, Kent; founder retirement succession. Spurling Cannon's third office, 70+ staff and 9 directors.","Tonbridge, Kent; founder retirement succession. Spurling Cannon's third office, 70+ staff and 9 directors.",2025-10-01
BookCheck acquires Rickard Luckin payroll clients,"BookCheck, Rickard Luckin",Undisclosed,Several hundred payroll clients and 6 staff transfer from Essex to Gloucestershire-based payroll specialist.,Several hundred payroll clients and 6 staff transfer from Essex to Gloucestershire-based payroll specialist.,2025-01-24
Ashmole & Co acquires JonesWard,"Ashmole & Co, JonesWard",Undisclosed,"Carmarthen, Wales; JonesWard staff including founders transfer to Ashmole's Quay office.","Carmarthen, Wales; JonesWard staff including founders transfer to Ashmole's Quay office.",2025-06-01
Milsted Langdon FS merges with Lewins Investments,"Milsted Langdon Financial Services, Lewins Investments",Undisclosed,Financial services subsidiary merger. Limited public detail.,Financial services subsidiary merger. Limited public detail.,2025-06-09
Begbies Traynor acquires Kirkby Diamond,"Begbies Traynor (Eddisons), Kirkby Diamond",£8.25m (£5m initial + £3.25m earn-out),"Regional real estate consultancy (62 staff, £6.2m revenue, 5 offices). Extends Eddisons along M1 corridor.","Regional real estate consultancy (62 staff, £6.2m revenue, 5 offices). Extends Eddisons along M1 corridor.",2025-11-26
Begbies Traynor acquires Network Auctions,"Begbies Traynor (Eddisons), Network Auctions",Up to £1.0m,"South-east property auctioneer (5 staff, ~£0.6m revenue). Adds scale to Eddisons' auctions business.","South-east property auctioneer (5 staff, ~£0.6m revenue). Adds scale to Eddisons' auctions business.",2025-11-25
Royston Parkin completes MBO,Royston Parkin,Undisclosed,Sheffield/Doncaster firm (est. 1930s). Emily Kirk becomes MD; plans to leverage cloud and AI tools.,Sheffield/Doncaster firm (est. 1930s). Emily Kirk becomes MD; plans to leverage cloud and AI tools.,2025-07-01
TC Murray Harcourt completes MBO,TC Murray Harcourt,Undisclosed,"Leeds member firm of TC Group. Two new equity partners (Andy Nichols, Neil Potter) join founding partner Mark Hunter.","Leeds member firm of TC Group. Two new equity partners (Andy Nichols, Neil Potter) join founding partner Mark Hunter.",2025-02-20
YMU Business Management MBO creates OJK,YMU Business Management (now OJK Business Management),Undisclosed,Simon Cowell's agency YMU sells ~85-strong accountancy firm via MBO. Now led by Julie Symes and Simon Petrie.,Simon Cowell's agency YMU sells ~85-strong accountancy firm via MBO. Now led by Julie Symes and Simon Petrie.,2025-01-15
